time,uptime,CPU1,CPU2,CPU3,CPU4,CPU5,CPU6,RAM,SWAP,EMC,GPU,APE,NVDEC,NVJPG,NVJPG1,OFA,SE,VIC,DLA0,DLA1,PVA,NVENC,NVJPG0,Fan pwmfan0,Temp cpu,Temp cv0,Temp cv1,Temp cv2,Temp gpu,Temp soc0,Temp soc1,Temp soc2,Temp tj,Power VDD_CPU_GPU_CV,Power VDD_SOC,Power TOT,jetson_clocks,nvp model
2026-08-16 23:38:35.018593,8:22:56.970000,6,6,4,4,10,8,0.26416976814880544,0.08873169138624783,0,0.0,OFF,OFF,499200,OFF,537600,OFF,115200,OFF,OFF,OFF,OFF,OFF,37.64705882352941,55.312,-256,-256,-256,54.687,54.718,56.062,54.343,56.062,1762,2271,6904,ON,MAXN_SUPER
2026-08-16 23:38:36.017890,8:22:57.970000,11,18,5,14,0,0,0.26775290430181736,0.08873169138624783,0,0.0,OFF,OFF,499200,OFF,537600,OFF,115200,OFF,OFF,OFF,OFF,OFF,37.64705882352941,55.218,-256,-256,-256,54.625,54.843,56.031,54.343,56.031,1605,2271,6708,ON,MAXN_SUPER
2026-08-16 23:38:37.018717,8:22:58.970000,1,1,3,3,0,0,0.2679788400867593,0.08873169138624783,0,0.0,OFF,OFF,499200,OFF,537600,OFF,115200,OFF,OFF,OFF,OFF,OFF,37.64705882352941,55.187,-256,-256,-256,54.5,54.843,56.062,54.312,56.062,1527,2236,6551,ON,MAXN_SUPER
2026-08-16 23:38:38.019520,8:22:59.970000,3,2,3,2,0,0,0.26807434930493934,0.08873169138624783,0,0.0,OFF,OFF,499200,OFF,537600,OFF,115200,OFF,OFF,OFF,OFF,OFF,37.64705882352941,55.0,-256,-256,-256,54.593,54.75,56.156,54.187,56.156,1488,2236,6512,ON,MAXN_SUPER
2026-08-16 23:38:39.020510,8:23:00.970000,0,2,4,3,0,0,0.2682032354004404,0.08873169138624783,0,0.0,OFF,OFF,499200,OFF,537600,OFF,115200,OFF,OFF,OFF,OFF,OFF,37.64705882352941,54.968,-256,-256,-256,54.562,54.718,56.093,54.281,56.125,1488,2236,6551,ON,MAXN_SUPER
2026-08-16 23:38:40.021514,8:23:01.970000,16,15,18,87,13,13,0.2883310328962503,0.08873169138624783,0,0.0,OFF,OFF,499200,OFF,537600,OFF,115200,OFF,OFF,OFF,OFF,OFF,37.64705882352941,55.375,-256,-256,-256,54.625,54.781,56.093,54.468,56.187,2268,2310,7520,ON,MAXN_SUPER
2026-08-16 23:38:41.022432,8:23:02.970000,4,6,3,100,0,0,0.29900547175391895,0.08873169138624783,0,0.0,OFF,OFF,499200,OFF,537600,OFF,115200,OFF,OFF,OFF,OFF,OFF,37.64705882352941,55.406,-256,-256,-256,54.875,54.968,56.062,54.437,56.062,2189,2350,7598,ON,MAXN_SUPER
2026-08-16 23:38:42.023343,8:23:03.970000,6,7,9,100,4,4,0.3026281466692957,0.08873169138624783,0,0.0,OFF,OFF,499200,OFF,537600,OFF,115200,OFF,OFF,OFF,OFF,OFF,37.64705882352941,55.625,-256,-256,-256,54.781,55.0,56.156,54.562,56.156,2307,2310,7676,ON,MAXN_SUPER
2026-08-16 23:38:43.024325,8:23:04.970000,5,4,6,100,3,3,0.3086210933648822,0.08873169138624783,0,0.0,OFF,OFF,499200,OFF,537600,OFF,115200,OFF,OFF,OFF,OFF,OFF,37.64705882352941,55.562,-256,-256,-256,55.031,54.906,56.093,54.468,56.093,2150,2350,7598,ON,MAXN_SUPER
2026-08-16 23:38:44.025338,8:23:05.970000,4,2,2,100,1,0,0.31772425153636336,0.08873169138624783,0,0.0,OFF,OFF,499200,OFF,537600,OFF,115200,OFF,OFF,OFF,OFF,OFF,37.64705882352941,55.812,-256,-256,-256,54.906,54.843,56.281,54.437,56.281,2150,2350,7598,ON,MAXN_SUPER
2026-08-16 23:38:45.026134,8:23:06.970000,7,3,6,100,1,1,0.3207317649281935,0.08873169138624783,0,0.0,OFF,OFF,499200,OFF,537600,OFF,115200,OFF,OFF,OFF,OFF,OFF,37.64705882352941,55.812,-256,-256,-256,54.875,54.843,56.281,54.562,56.281,2150,2350,7637,ON,MAXN_SUPER
2026-08-16 23:38:46.027068,8:23:07.970000,3,2,3,100,0,0,0.3253413684314305,0.08873169138624783,0,0.0,OFF,OFF,499200,OFF,537600,OFF,115200,OFF,OFF,OFF,OFF,OFF,37.64705882352941,55.656,-256,-256,-256,54.687,54.875,56.218,54.625,56.218,2189,2310,7559,ON,MAXN_SUPER
2026-08-16 23:38:47.027719,8:23:08.970000,4,2,2,100,0,0,0.3283216668309836,0.08873169138624783,0,0.0,OFF,OFF,499200,OFF,537600,OFF,115200,OFF,OFF,OFF,OFF,OFF,37.64705882352941,55.75,-256,-256,-256,54.906,54.843,56.156,54.625,56.156,2228,2310,7598,ON,MAXN_SUPER
2026-08-16 23:38:48.028608,8:23:09.970000,10,5,6,42,1,1,0.3294241307634165,0.08873169138624783,0,0.0,OFF,OFF,499200,OFF,537600,OFF,115200,OFF,OFF,OFF,OFF,OFF,37.64705882352941,55.218,-256,-256,-256,54.625,55.031,56.156,54.468,56.156,1762,2271,6944,ON,MAXN_SUPER
2026-08-16 23:38:49.029540,8:23:10.970000,2,0,4,31,0,0,0.32944826481317163,0.08873169138624783,0,0.0,OFF,OFF,499200,OFF,537600,OFF,115200,OFF,OFF,OFF,OFF,OFF,37.64705882352941,55.062,-256,-256,-256,54.812,54.968,56.156,54.5,56.156,1684,2271,6826,ON,MAXN_SUPER
2026-08-16 23:38:50.030495,8:23:11.970000,4,11,3,24,0,0,0.33016458394952186,0.08873169138624783,0,0.0,OFF,OFF,499200,OFF,537600,OFF,115200,OFF,OFF,OFF,OFF,OFF,37.64705882352941,55.5,-256,-256,-256,54.968,54.906,56.281,54.531,56.281,1762,2271,6904,ON,MAXN_SUPER
2026-08-16 23:38:51.031472,8:23:12.970000,11,3,4,22,0,0,0.32986008413027046,0.08873169138624783,0,0.0,OFF,OFF,499200,OFF,537600,OFF,115200,OFF,OFF,OFF,OFF,OFF,37.64705882352941,55.187,-256,-256,-256,54.812,54.906,56.218,54.562,56.218,1684,2271,6787,ON,MAXN_SUPER
2026-08-16 23:38:52.032457,8:23:13.970000,11,4,3,89,4,0,0.33712494659699627,0.08873169138624783,0,0.0,OFF,OFF,499200,OFF,537600,OFF,115200,OFF,OFF,OFF,OFF,OFF,37.64705882352941,55.531,-256,-256,-256,55.062,54.843,56.218,54.656,56.218,2111,2350,7481,ON,MAXN_SUPER
2026-08-16 23:38:53.033415,8:23:14.970000,3,2,2,97,5,0,0.34074659453153244,0.08873169138624783,0,0.0,OFF,OFF,499200,OFF,537600,OFF,115200,OFF,OFF,OFF,OFF,OFF,37.64705882352941,55.593,-256,-256,-256,54.875,54.968,56.218,54.625,56.218,2189,2350,7598,ON,MAXN_SUPER
2026-08-16 23:38:54.034326,8:23:15.970000,2,2,3,100,1,0,0.3457490182063163,0.08873169138624783,0,0.0,OFF,OFF,499200,OFF,537600,OFF,115200,OFF,OFF,OFF,OFF,OFF,37.64705882352941,55.687,-256,-256,-256,54.812,55.031,56.187,54.562,56.187,2111,2389,7637,ON,MAXN_SUPER
2026-08-16 23:38:55.035056,8:23:16.970000,10,3,2,99,1,0,0.3510862376351507,0.08873169138624783,0,0.0,OFF,OFF,499200,OFF,537600,OFF,115200,OFF,OFF,OFF,OFF,OFF,37.64705882352941,55.906,-256,-256,-256,54.812,55.0,56.218,54.593,56.218,2228,2350,7637,ON,MAXN_SUPER
2026-08-16 23:38:56.036276,8:23:17.970000,6,6,15,17,4,0,0.3551895395839495,0.08873169138624783,0,0.0,OFF,OFF,499200,OFF,537600,OFF,115200,OFF,OFF,OFF,OFF,OFF,37.64705882352941,55.281,-256,-256,-256,55.031,54.937,56.406,54.468,56.406,1723,2271,6865,ON,MAXN_SUPER
2026-08-16 23:38:57.037355,8:23:18.970000,6,25,54,3,4,0,0.3926301800913602,0.08873169138624783,0,0.0,OFF,115200,499200,OFF,537600,OFF,115200,OFF,OFF,OFF,OFF,OFF,37.64705882352941,55.562,-256,-256,-256,55.0,55.0,56.437,54.718,56.437,2732,2541,8524,ON,MAXN_SUPER
2026-08-16 23:38:58.038329,8:23:19.980000,24,23,32,27,22,36,0.45118246573991916,0.08873169138624783,0,99.3,OFF,115200,499200,OFF,537600,OFF,115200,OFF,OFF,OFF,OFF,OFF,37.64705882352941,56.218,-256,-256,-256,56.125,55.281,56.312,55.25,56.5,5257,3529,13208,ON,MAXN_SUPER
2026-08-16 23:38:59.039438,8:23:20.980000,42,20,27,12,14,16,0.4550526430378915,0.08873169138624783,0,99.3,OFF,115200,499200,OFF,537600,OFF,115200,OFF,OFF,OFF,OFF,OFF,39.6078431372549,56.593,-256,-256,-256,56.968,55.562,56.687,55.468,56.875,5798,3678,14039,ON,MAXN_SUPER
2026-08-16 23:39:00.040991,8:23:21.980000,13,43,22,29,19,0,0.45886222846626573,0.08873169138624783,0,99.4,OFF,153600,499200,OFF,537600,OFF,115200,OFF,OFF,OFF,OFF,OFF,39.6078431372549,56.812,-256,-256,-256,56.968,55.656,56.781,55.781,56.968,5827,3678,14117,ON,MAXN_SUPER
2026-08-16 23:39:01.041152,8:23:22.980000,28,17,30,33,3,19,0.46296963833842714,0.08873169138624783,0,38.3,OFF,115200,499200,OFF,537600,OFF,115200,OFF,OFF,OFF,OFF,OFF,39.6078431372549,56.687,-256,-256,-256,57.437,55.843,56.812,55.812,57.437,5981,3717,14287,ON,MAXN_SUPER
2026-08-16 23:39:02.042618,8:23:23.980000,18,8,31,24,28,22,0.4665491800584968,0.08873169138624783,0,37.9,OFF,115200,499200,OFF,537600,OFF,115200,OFF,OFF,OFF,OFF,OFF,39.6078431372549,56.781,-256,-256,-256,57.875,56.0,56.875,55.937,57.875,5981,3717,14233,ON,MAXN_SUPER
2026-08-16 23:39:03.043128,8:23:24.980000,22,13,33,9,27,24,0.470603700417365,0.08873169138624783,0,60.8,OFF,115200,499200,OFF,537600,OFF,115200,OFF,OFF,OFF,OFF,OFF,39.6078431372549,56.937,-256,-256,-256,57.531,56.218,57.062,56.125,57.531,5981,3678,14171,ON,MAXN_SUPER
2026-08-16 23:39:04.043873,8:23:25.980000,11,32,9,16,22,27,0.47390184938709784,0.08873169138624783,0,99.3,OFF,115200,499200,OFF,537600,OFF,115200,OFF,OFF,OFF,OFF,OFF,39.6078431372549,57.312,-256,-256,-256,57.5,56.218,57.25,56.281,57.5,5904,3717,14194,ON,MAXN_SUPER
2026-08-16 23:39:05.045181,8:23:26.980000,34,14,16,13,23,27,0.4778136194091163,0.08873169138624783,0,98.6,OFF,115200,499200,OFF,537600,OFF,115200,OFF,OFF,OFF,OFF,OFF,41.1764705882353,57.5,-256,-256,-256,57.781,56.375,57.25,56.281,57.781,5865,3678,14156,ON,MAXN_SUPER
2026-08-16 23:39:06.046432,8:23:27.980000,35,20,20,18,10,28,0.4819657029478458,0.08873169138624783,0,40.4,OFF,115200,499200,OFF,537600,OFF,115200,OFF,OFF,OFF,OFF,OFF,41.1764705882353,57.281,-256,-256,-256,58.25,56.343,57.375,56.562,58.25,6020,3717,14326,ON,MAXN_SUPER
2026-08-16 23:39:07.046943,8:23:28.980000,24,25,23,15,11,28,0.4859940352952775,0.08873169138624783,0,99.4,OFF,115200,499200,OFF,537600,OFF,115200,OFF,OFF,OFF,OFF,OFF,41.1764705882353,57.531,-256,-256,-256,57.968,56.593,57.531,56.625,57.968,5943,3678,14171,ON,MAXN_SUPER
2026-08-16 23:39:08.047838,8:23:29.980000,24,28,21,13,18,30,0.4896300609615827,0.08873169138624783,0,99.4,OFF,115200,499200,OFF,537600,OFF,115200,OFF,OFF,OFF,OFF,OFF,41.1764705882353,57.5,-256,-256,-256,58.406,56.812,57.625,56.781,58.406,5943,3672,14287,ON,MAXN_SUPER
2026-08-16 23:39:09.048744,8:23:30.980000,11,42,12,16,20,30,0.4934185932827237,0.08873169138624783,0,76.1,OFF,115200,499200,OFF,537600,OFF,115200,OFF,OFF,OFF,OFF,OFF,41.1764705882353,57.812,-256,-256,-256,58.375,56.843,57.593,56.875,58.375,6020,3710,14365,ON,MAXN_SUPER
2026-08-16 23:39:10.049654,8:23:31.980000,44,0,9,18,20,34,0.4971855590062112,0.08873169138624783,0,43.1,OFF,115200,499200,OFF,537600,OFF,115200,OFF,OFF,OFF,OFF,OFF,41.1764705882353,57.656,-256,-256,-256,58.593,56.906,58.031,57.062,58.843,5981,3717,14210,ON,MAXN_SUPER
2026-08-16 23:39:11.050627,8:23:32.980000,10,43,16,7,19,30,0.5007897482664564,0.08873169138624783,0,92.6,OFF,115200,499200,OFF,537600,OFF,115200,OFF,OFF,OFF,OFF,OFF,41.1764705882353,57.843,-256,-256,-256,58.718,56.968,57.875,57.125,58.718,5981,3717,14171,ON,MAXN_SUPER
2026-08-16 23:39:12.051574,8:23:33.980000,24,25,18,13,29,21,0.5045320664497683,0.08873169138624783,0,99.3,OFF,115200,499200,OFF,537600,OFF,115200,OFF,OFF,OFF,OFF,OFF,41.1764705882353,58.187,-256,-256,-256,58.5,57.125,58.093,57.156,58.5,5943,3717,14171,ON,MAXN_SUPER
2026-08-16 23:39:13.052658,8:23:34.980000,22,27,9,15,30,19,0.5082810600085444,0.08873169138624783,0,78.0,OFF,115200,499200,OFF,537600,OFF,115200,OFF,OFF,OFF,OFF,OFF,41.1764705882353,58.156,-256,-256,-256,58.968,57.281,58.125,57.281,58.781,5943,3717,14210,ON,MAXN_SUPER
2026-08-16 23:39:14.053213,8:23:35.980000,33,25,12,18,28,22,0.5120218377205955,0.08873169138624783,0,99.4,OFF,115200,499200,OFF,537600,OFF,115200,OFF,OFF,OFF,OFF,OFF,41.1764705882353,58.281,-256,-256,-256,58.843,57.343,58.281,57.5,59.062,5943,3678,14210,ON,MAXN_SUPER
2026-08-16 23:39:15.054069,8:23:36.980000,44,4,6,18,31,19,0.5157631289230669,0.08873169138624783,0,36.0,OFF,115200,499200,OFF,537600,OFF,115200,OFF,OFF,OFF,OFF,OFF,43.13725490196079,58.375,-256,-256,-256,59.125,57.468,58.5,57.531,59.125,5981,3710,14287,ON,MAXN_SUPER
2026-08-16 23:39:16.055322,8:23:37.980000,30,16,21,18,29,20,0.5190992761839035,0.08873169138624783,0,50.3,OFF,115200,499200,OFF,537600,OFF,115200,OFF,OFF,OFF,OFF,OFF,43.13725490196079,58.5,-256,-256,-256,59.281,57.531,58.468,57.687,59.281,6058,3710,14365,ON,MAXN_SUPER
2026-08-16 23:39:17.057207,8:23:38.980000,21,21,24,4,26,24,0.5226223339577377,0.08873169138624783,0,93.9,OFF,140800,499200,OFF,537600,OFF,115200,OFF,OFF,OFF,OFF,OFF,43.13725490196079,58.5,-256,-256,-256,59.281,57.718,58.593,57.75,59.281,5904,3678,14132,ON,MAXN_SUPER
2026-08-16 23:39:18.057893,8:23:39.980000,7,16,15,11,28,44,0.5263600307272668,0.08873169138624783,0,99.3,OFF,115200,499200,OFF,537600,OFF,115200,OFF,OFF,OFF,OFF,OFF,43.13725490196079,58.5,-256,-256,-256,59.125,57.75,58.656,57.75,59.125,5865,3672,14171,ON,MAXN_SUPER
2026-08-16 23:39:19.058791,8:23:40.980000,13,12,17,25,44,29,0.5300895116500707,0.08873169138624783,0,85.6,OFF,140800,499200,OFF,537600,OFF,115200,OFF,OFF,OFF,OFF,OFF,43.13725490196079,58.812,-256,-256,-256,59.218,57.875,58.812,57.875,59.312,5865,3678,14055,ON,MAXN_SUPER
2026-08-16 23:39:20.059068,8:23:41.980000,5,13,16,12,45,30,0.5339786880935949,0.08873169138624783,0,52.6,OFF,115200,499200,OFF,537600,OFF,115200,OFF,OFF,OFF,OFF,OFF,43.13725490196079,58.906,-256,-256,-256,59.812,58.062,58.781,58.0,59.812,5904,3710,14210,ON,MAXN_SUPER
2026-08-16 23:39:21.059886,8:23:42.980000,7,17,24,14,32,42,0.537846811429886,0.08873169138624783,0,42.6,OFF,115200,499200,OFF,537600,OFF,115200,OFF,OFF,OFF,OFF,OFF,43.13725490196079,58.875,-256,-256,-256,59.687,58.062,58.843,58.0,59.687,5981,3710,14248,ON,MAXN_SUPER
2026-08-16 23:39:22.060903,8:23:43.980000,10,14,13,7,28,45,0.5415444559466298,0.08873169138624783,0,35.1,OFF,115200,499200,OFF,537600,OFF,115200,OFF,OFF,OFF,OFF,OFF,43.13725490196079,58.75,-256,-256,-256,59.937,58.156,59.0,58.25,59.718,5943,3710,14210,ON,MAXN_SUPER
2026-08-16 23:39:23.061669,8:23:44.980000,19,20,23,18,22,27,0.5453257994018864,0.08873169138624783,0,86.3,OFF,115200,499200,OFF,537600,OFF,115200,OFF,OFF,OFF,OFF,OFF,43.13725490196079,59.187,-256,-256,-256,59.562,58.25,59.125,58.343,59.562,5943,3672,14171,ON,MAXN_SUPER
2026-08-16 23:39:24.062567,8:23:45.980000,12,40,13,19,17,28,0.5491959766998586,0.08873169138624783,0,99.4,OFF,115200,499200,OFF,537600,OFF,115200,OFF,OFF,OFF,OFF,OFF,43.13725490196079,59.093,-256,-256,-256,59.937,58.5,59.25,58.375,59.937,5943,3717,14210,ON,MAXN_SUPER
2026-08-16 23:39:25.063703,8:23:46.980000,22,32,17,13,12,16,0.5496807116566433,0.08873169138624783,0,99.4,OFF,115200,499200,OFF,537600,OFF,115200,OFF,OFF,OFF,OFF,OFF,44.705882352941174,59.312,-256,-256,-256,59.718,58.562,59.187,58.437,59.718,5527,3562,13496,ON,MAXN_SUPER
2026-08-16 23:39:26.064442,8:23:47.980000,27,15,32,26,18,13,0.5502280924447074,0.08873169138624783,0,32.5,OFF,128000,499200,OFF,537600,OFF,115200,OFF,OFF,OFF,OFF,OFF,44.705882352941174,59.343,-256,-256,-256,60.0,58.593,59.343,58.531,60.0,5450,3523,13302,ON,MAXN_SUPER
2026-08-16 23:39:27.065184,8:23:48.980000,44,16,5,12,20,11,0.5497618431430543,0.08873169138624783,0,22.0,OFF,115200,499200,OFF,537600,OFF,115200,OFF,OFF,OFF,OFF,OFF,44.705882352941174,59.25,-256,-256,-256,60.093,58.593,59.468,58.5,60.093,5450,3523,13264,ON,MAXN_SUPER
2026-08-16 23:39:28.066305,8:23:49.980000,37,32,5,13,18,11,0.5502814954484209,0.08873169138624783,0,82.4,OFF,115200,499200,OFF,537600,OFF,115200,OFF,OFF,OFF,OFF,OFF,44.705882352941174,59.5,-256,-256,-256,60.062,58.687,59.593,58.562,60.062,5450,3484,13264,ON,MAXN_SUPER
2026-08-16 23:39:29.067202,8:23:50.980000,15,16,24,15,37,19,0.5531447180321404,0.08873169138624783,0,97.7,OFF,115200,499200,OFF,537600,OFF,115200,OFF,OFF,OFF,OFF,OFF,44.705882352941174,59.625,-256,-256,-256,60.156,58.718,59.562,58.718,60.156,5450,3523,13302,ON,MAXN_SUPER
2026-08-16 23:39:30.067978,8:23:51.980000,16,16,14,18,3,50,0.5525608794242335,0.08873169138624783,0,99.3,OFF,115200,499200,OFF,537600,OFF,115200,OFF,OFF,OFF,OFF,OFF,44.705882352941174,59.437,-256,-256,-256,60.0,58.75,59.625,58.812,60.0,5411,3523,13302,ON,MAXN_SUPER
2026-08-16 23:39:31.069740,8:23:52.980000,11,16,22,16,11,50,0.5525069629300996,0.08873169138624783,0,67.3,OFF,166400,499200,OFF,537600,OFF,115200,OFF,OFF,OFF,OFF,OFF,44.705882352941174,59.718,-256,-256,-256,59.937,58.843,59.687,58.812,59.937,5373,3490,13186,ON,MAXN_SUPER
2026-08-16 23:39:32.070375,8:23:53.980000,18,12,14,10,28,31,0.5520823063524927,0.08873169138624783,0,44.8,OFF,115200,499200,OFF,537600,OFF,115200,OFF,OFF,OFF,OFF,OFF,44.705882352941174,59.718,-256,-256,-256,60.187,58.906,59.906,58.937,60.187,5450,3523,13302,ON,MAXN_SUPER
2026-08-16 23:39:33.070902,8:23:54.980000,29,10,16,16,51,1,0.5536458846823754,0.08873169138624783,0,67.5,OFF,115200,499200,OFF,537600,OFF,115200,OFF,OFF,OFF,OFF,OFF,44.705882352941174,59.656,-256,-256,-256,60.375,59.0,59.937,58.937,60.375,5450,3523,13419,ON,MAXN_SUPER
2026-08-16 23:39:34.071815,8:23:55.980000,14,17,19,16,43,8,0.5521773020802524,0.08873169138624783,0,43.5,OFF,115200,499200,OFF,537600,OFF,115200,OFF,OFF,OFF,OFF,OFF,44.705882352941174,59.875,-256,-256,-256,60.25,59.031,59.906,59.031,60.25,5450,3523,13341,ON,MAXN_SUPER
2026-08-16 23:39:35.072818,8:23:56.980000,7,3,14,15,52,20,0.5520925761608991,0.08873169138624783,0,34.3,OFF,115200,499200,OFF,537600,OFF,115200,OFF,OFF,OFF,OFF,OFF,44.705882352941174,59.562,-256,-256,-256,60.593,59.25,59.906,59.062,60.75,5489,3562,13419,ON,MAXN_SUPER
2026-08-16 23:39:36.073875,8:23:57.980000,21,4,14,14,51,21,0.5529644828946071,0.08873169138624783,0,69.7,OFF,115200,499200,OFF,537600,OFF,115200,OFF,OFF,OFF,OFF,OFF,44.705882352941174,59.75,-256,-256,-256,60.343,59.312,60.0,59.093,60.343,5411,3523,13302,ON,MAXN_SUPER
2026-08-16 23:39:37.074629,8:23:58.980000,15,6,13,20,38,21,0.5520186335403726,0.08873169138624783,0,81.5,OFF,140800,499200,OFF,537600,OFF,115200,OFF,OFF,OFF,OFF,OFF,44.705882352941174,60.156,-256,-256,-256,60.468,59.25,60.0,59.187,60.468,5411,3523,13341,ON,MAXN_SUPER
2026-08-16 23:39:38.075363,8:23:59.980000,17,7,14,14,50,20,0.5519950129810378,0.08873169138624783,0,38.9,OFF,115200,499200,OFF,537600,OFF,115200,OFF,OFF,OFF,OFF,OFF,44.705882352941174,60.0,-256,-256,-256,61.0,59.281,60.281,59.187,61.0,5527,3562,13535,ON,MAXN_SUPER
2026-08-16 23:39:39.077111,8:24:00.980000,12,18,10,14,3,50,0.5524011839035131,0.08873169138624783,0,99.4,OFF,166400,499200,OFF,537600,OFF,115200,OFF,OFF,OFF,OFF,OFF,44.705882352941174,60.187,-256,-256,-256,60.437,59.437,60.281,59.218,60.437,5334,3523,13264,ON,MAXN_SUPER
2026-08-16 23:39:40.077259,8:24:01.990000,19,12,20,22,0,51,0.5520278763679385,0.08873169138624783,0,55.6,OFF,115200,499200,OFF,537600,OFF,115200,OFF,OFF,OFF,OFF,OFF,44.705882352941174,60.031,-256,-256,-256,60.968,59.312,60.281,59.375,60.968,5605,3562,13574,ON,MAXN_SUPER
2026-08-16 23:39:41.078200,8:24:02.990000,15,23,13,6,30,28,0.5522440558348943,0.08873169138624783,0,76.7,OFF,115200,499200,OFF,537600,OFF,115200,OFF,OFF,OFF,OFF,OFF,46.27450980392157,60.156,-256,-256,-256,60.656,59.531,60.343,59.468,60.656,5373,3523,13225,ON,MAXN_SUPER
2026-08-16 23:39:42.079196,8:24:03.990000,7,8,14,19,47,17,0.5517254305103684,0.08873169138624783,0,21.4,OFF,115200,499200,OFF,537600,OFF,115200,OFF,OFF,OFF,OFF,OFF,46.27450980392157,60.281,-256,-256,-256,61.062,59.625,60.375,59.5,61.062,5489,3523,13302,ON,MAXN_SUPER
2026-08-16 23:39:43.080113,8:24:04.990000,21,15,15,7,50,9,0.5518948823490749,0.08873169138624783,0,99.4,OFF,115200,499200,OFF,537600,OFF,115200,OFF,OFF,OFF,OFF,OFF,46.27450980392157,60.437,-256,-256,-256,60.687,59.593,60.375,59.656,60.687,5334,3484,13225,ON,MAXN_SUPER
2026-08-16 23:39:44.081002,8:24:05.990000,26,6,12,6,13,52,0.5521120887968715,0.08873169138624783,0,44.1,OFF,115200,499200,OFF,537600,OFF,115200,OFF,OFF,OFF,OFF,OFF,46.27450980392157,60.156,-256,-256,-256,61.093,59.625,60.593,59.468,61.312,5450,3562,13380,ON,MAXN_SUPER
2026-08-16 23:39:45.082155,8:24:06.990000,17,14,17,8,9,50,0.5520607397548392,0.08873169138624783,0,80.6,OFF,115200,499200,OFF,537600,OFF,115200,OFF,OFF,OFF,OFF,OFF,46.27450980392157,60.343,-256,-256,-256,60.687,59.656,60.562,59.625,60.687,5373,3490,13186,ON,MAXN_SUPER
2026-08-16 23:39:46.083235,8:24:07.990000,17,16,15,15,37,17,0.5520817928620724,0.08873169138624783,0,33.4,OFF,115200,499200,OFF,537600,OFF,115200,OFF,OFF,OFF,OFF,OFF,46.27450980392157,60.25,-256,-256,-256,61.187,59.875,60.562,59.687,61.187,5489,3562,13380,ON,MAXN_SUPER
2026-08-16 23:39:47.083922,8:24:08.990000,20,21,19,16,39,7,0.5528468935883533,0.08873169138624783,0,99.3,OFF,115200,499200,OFF,537600,OFF,115200,OFF,OFF,OFF,OFF,OFF,46.27450980392157,60.375,-256,-256,-256,61.125,59.906,60.625,59.687,61.125,5334,3484,13225,ON,MAXN_SUPER
2026-08-16 23:39:48.084837,8:24:09.990000,14,14,20,17,10,52,0.5522122194288344,0.08873169138624783,0,57.0,OFF,115200,499200,OFF,537600,OFF,115200,OFF,OFF,OFF,OFF,OFF,46.27450980392157,60.468,-256,-256,-256,61.218,59.937,60.687,59.687,61.187,5527,3562,13458,ON,MAXN_SUPER
2026-08-16 23:39:49.085539,8:24:10.990000,6,13,13,6,33,39,0.5525264755660718,0.08873169138624783,0,68.0,OFF,115200,499200,OFF,537600,OFF,115200,OFF,OFF,OFF,OFF,OFF,46.27450980392157,60.5,-256,-256,-256,60.906,59.906,60.625,59.812,60.906,5373,3523,13302,ON,MAXN_SUPER
2026-08-16 23:39:50.086559,8:24:11.990000,11,11,17,4,52,19,0.5523662665549312,0.08873169138624783,0,92.8,OFF,115200,499200,OFF,537600,OFF,115200,OFF,OFF,OFF,OFF,OFF,46.27450980392157,60.562,-256,-256,-256,61.281,59.937,60.812,59.906,61.281,5527,3562,13419,ON,MAXN_SUPER
2026-08-16 23:39:51.087337,8:24:12.990000,6,17,15,10,53,21,0.5522969453481876,0.08873169138624783,0,25.5,OFF,115200,499200,OFF,537600,OFF,115200,OFF,OFF,OFF,OFF,OFF,46.27450980392157,60.593,-256,-256,-256,61.625,59.812,60.75,60.0,61.625,5595,3562,13535,ON,MAXN_SUPER
2026-08-16 23:39:52.088301,8:24:13.990000,5,13,19,12,49,21,0.5529249441322422,0.08873169138624783,0,99.3,OFF,115200,499200,OFF,537600,OFF,115200,OFF,OFF,OFF,OFF,OFF,46.27450980392157,60.593,-256,-256,-256,61.031,60.093,60.812,59.968,61.031,5411,3523,13302,ON,MAXN_SUPER
2026-08-16 23:39:53.089231,8:24:14.990000,7,16,7,12,51,22,0.552262541490026,0.08873169138624783,0,20.0,OFF,115200,499200,OFF,537600,OFF,115200,OFF,OFF,OFF,OFF,OFF,46.27450980392157,60.906,-256,-256,-256,61.656,60.062,60.875,60.062,61.656,5527,3562,13419,ON,MAXN_SUPER
2026-08-16 23:39:54.090492,8:24:15.990000,5,15,7,13,51,21,0.5523031072332315,0.08873169138624783,0,28.4,OFF,115200,499200,OFF,537600,OFF,115200,OFF,OFF,OFF,OFF,OFF,46.27450980392157,60.781,-256,-256,-256,61.843,60.093,60.937,60.125,61.843,5557,3600,13535,ON,MAXN_SUPER
2026-08-16 23:39:55.091373,8:24:16.990000,13,15,49,13,9,17,0.5528042738834664,0.08873169138624783,0,99.3,OFF,115200,499200,OFF,537600,OFF,115200,OFF,OFF,OFF,OFF,OFF,46.27450980392157,60.968,-256,-256,-256,61.437,60.156,60.937,60.125,61.437,5450,3523,13302,ON,MAXN_SUPER
2026-08-16 23:39:56.092344,8:24:17.990000,15,10,24,33,8,21,0.5522471367774163,0.08873169138624783,0,39.0,OFF,115200,499200,OFF,537600,OFF,115200,OFF,OFF,OFF,OFF,OFF,46.27450980392157,61.093,-256,-256,-256,61.906,60.187,61.156,60.125,61.593,5450,3562,13341,ON,MAXN_SUPER
2026-08-16 23:39:57.093496,8:24:18.990000,16,14,7,43,32,21,0.552404264846035,0.08873169138624783,0,22.2,OFF,179200,499200,OFF,537600,OFF,115200,OFF,OFF,OFF,OFF,OFF,46.27450980392157,61.062,-256,-256,-256,61.875,60.25,60.968,60.25,61.875,5682,3523,13613,ON,MAXN_SUPER
2026-08-16 23:39:58.094298,8:24:19.990000,8,18,13,7,22,49,0.5525993912057576,0.08873169138624783,0,70.7,OFF,115200,499200,OFF,537600,OFF,115200,OFF,OFF,OFF,OFF,OFF,46.27450980392157,60.937,-256,-256,-256,61.718,60.437,61.093,60.218,61.718,5489,3562,13496,ON,MAXN_SUPER
2026-08-16 23:39:59.095113,8:24:20.990000,13,20,9,12,12,50,0.5527097916461271,0.08873169138624783,0,99.3,OFF,115200,499200,OFF,537600,OFF,115200,OFF,OFF,OFF,OFF,OFF,46.27450980392157,60.812,-256,-256,-256,61.75,60.312,61.218,60.343,61.75,5489,3562,13380,ON,MAXN_SUPER
2026-08-16 23:40:00.096420,8:24:21.990000,6,17,18,16,12,49,0.552133655394525,0.08873169138624783,0,99.3,OFF,115200,499200,OFF,537600,OFF,115200,OFF,OFF,OFF,OFF,OFF,46.27450980392157,61.0,-256,-256,-256,61.625,60.5,61.25,60.343,61.625,5518,3600,13535,ON,MAXN_SUPER
2026-08-16 23:40:01.096816,8:24:22.990000,7,6,23,22,14,47,0.5520900087087975,0.08873169138624783,0,99.3,OFF,115200,499200,OFF,537600,OFF,115200,OFF,OFF,OFF,OFF,OFF,47.84313725490196,61.312,-256,-256,-256,61.656,60.562,61.281,60.437,61.781,5634,3639,13768,ON,MAXN_SUPER
2026-08-16 23:40:02.097708,8:24:23.990000,6,24,19,21,12,45,0.551002435998554,0.08873169138624783,0,97.7,OFF,140800,499200,OFF,537600,OFF,115200,OFF,OFF,OFF,OFF,OFF,47.84313725490196,61.343,-256,-256,-256,62.125,60.625,61.406,60.562,61.906,5788,3678,13977,ON,MAXN_SUPER
2026-08-16 23:40:03.099776,8:24:24.990000,9,26,13,16,12,48,0.5504268132373722,0.08873169138624783,0,94.7,OFF,115200,499200,OFF,537600,OFF,115200,OFF,OFF,OFF,OFF,OFF,47.84313725490196,61.562,-256,-256,-256,62.156,60.531,61.343,60.625,62.0,5750,3678,13939,ON,MAXN_SUPER
2026-08-16 23:40:04.100821,8:24:25.990000,36,14,21,20,13,43,0.5091298596733379,0.08873169138624783,0,76.3,OFF,166400,499200,OFF,537600,OFF,115200,OFF,OFF,OFF,OFF,OFF,47.84313725490196,61.562,-256,-256,-256,62.312,60.687,61.406,60.812,62.312,6058,3710,14326,ON,MAXN_SUPER
2026-08-16 23:40:05.100462,8:24:26.990000,14,5,22,24,13,44,0.5133235359361136,0.08873169138624783,0,38.4,OFF,115200,499200,OFF,537600,OFF,115200,OFF,OFF,OFF,OFF,OFF,47.84313725490196,61.468,-256,-256,-256,62.625,60.75,61.437,60.75,62.625,6048,3788,14403,ON,MAXN_SUPER
2026-08-16 23:40:06.101702,8:24:27.990000,34,2,19,10,26,30,0.5171023119392685,0.08873169138624783,0,61.3,OFF,115200,499200,OFF,537600,OFF,115200,OFF,OFF,OFF,OFF,OFF,47.84313725490196,61.531,-256,-256,-256,62.25,60.718,61.531,60.812,62.25,5981,3749,14287,ON,MAXN_SUPER
2026-08-16 23:40:07.102565,8:24:28.990000,7,17,16,32,18,38,0.520592506326202,0.08873169138624783,0,81.9,OFF,115200,499200,OFF,537600,OFF,115200,OFF,OFF,OFF,OFF,OFF,47.84313725490196,61.687,-256,-256,-256,62.093,60.843,61.687,60.75,62.093,5971,3710,14210,ON,MAXN_SUPER
2026-08-16 23:40:08.104068,8:24:29.990000,23,19,8,30,14,45,0.5247959389069637,0.08873169138624783,0,99.3,OFF,140800,499200,OFF,537600,OFF,115200,OFF,OFF,OFF,OFF,OFF,47.84313725490196,61.812,-256,-256,-256,62.343,60.937,61.656,60.937,62.468,6048,3749,14442,ON,MAXN_SUPER
2026-08-16 23:40:09.104206,8:24:30.990000,19,19,26,12,13,44,0.5285028262512734,0.08873169138624783,0,37.2,OFF,115200,499200,OFF,537600,OFF,115200,OFF,OFF,OFF,OFF,OFF,47.84313725490196,61.593,-256,-256,-256,62.656,60.937,61.656,61.0,62.531,6087,3749,14520,ON,MAXN_SUPER
2026-08-16 23:40:10.105336,8:24:31.990000,8,5,29,21,14,43,0.5323031688520818,0.08873169138624783,0,81.3,OFF,115200,499200,OFF,537600,OFF,115200,OFF,OFF,OFF,OFF,OFF,47.84313725490196,61.75,-256,-256,-256,62.343,61.156,61.687,61.0,62.343,5971,3749,14365,ON,MAXN_SUPER
2026-08-16 23:40:11.107005,8:24:32.990000,7,17,32,10,14,44,0.5361610223799664,0.08873169138624783,0,86.1,OFF,192000,499200,OFF,537600,OFF,115200,OFF,OFF,OFF,OFF,OFF,47.84313725490196,61.812,-256,-256,-256,62.656,61.156,61.75,61.0,62.656,6125,3749,14403,ON,MAXN_SUPER
2026-08-16 23:40:12.107336,8:24:33.990000,19,19,29,16,16,33,0.5400014172335601,0.08873169138624783,0,34.3,OFF,115200,499200,OFF,537600,OFF,115200,OFF,OFF,OFF,OFF,OFF,47.84313725490196,62.0,-256,-256,-256,62.937,61.031,61.937,61.031,62.937,6048,3749,14442,ON,MAXN_SUPER
2026-08-16 23:40:13.108543,8:24:34.990000,19,15,25,20,20,34,0.543924997535246,0.08873169138624783,0,99.4,OFF,115200,499200,OFF,537600,OFF,115200,OFF,OFF,OFF,OFF,OFF,47.84313725490196,62.125,-256,-256,-256,62.468,61.218,61.968,61.125,62.843,6010,3749,14287,ON,MAXN_SUPER
2026-08-16 23:40:14.109240,8:24:35.990000,14,12,19,32,24,26,0.5478419024614677,0.08873169138624783,0,57.5,OFF,115200,499200,OFF,537600,OFF,115200,OFF,OFF,OFF,OFF,OFF,47.84313725490196,61.906,-256,-256,-256,62.968,61.187,61.937,61.125,62.968,6048,3749,14403,ON,MAXN_SUPER
2026-08-16 23:40:15.110181,8:24:36.990000,17,7,19,30,41,2,0.5501567172762825,0.08873169138624783,0,39.2,OFF,115200,499200,OFF,537600,OFF,115200,OFF,OFF,OFF,OFF,OFF,47.84313725490196,62.0,-256,-256,-256,62.781,61.218,62.031,61.281,62.781,5943,3710,14210,ON,MAXN_SUPER
2026-08-16 23:40:16.111635,8:24:37.990000,26,37,25,29,0,1,0.553151906898025,0.08873169138624783,0,69.2,OFF,153600,499200,OFF,537600,OFF,115200,OFF,OFF,OFF,OFF,OFF,47.84313725490196,62.031,-256,-256,-256,62.593,61.468,61.906,61.218,62.593,5557,3562,13535,ON,MAXN_SUPER
2026-08-16 23:40:17.112193,8:24:38.990000,29,36,14,15,14,2,0.5496103634690591,0.08873169138624783,0,25.1,OFF,115200,499200,OFF,537600,OFF,115200,OFF,OFF,OFF,OFF,OFF,47.84313725490196,61.875,-256,-256,-256,62.562,61.281,61.875,61.25,62.562,5450,3562,13341,ON,MAXN_SUPER
2026-08-16 23:40:18.113715,8:24:39.990000,30,34,14,18,14,3,0.5514558480396989,0.08873169138624783,0,99.3,OFF,115200,499200,OFF,537600,OFF,115200,OFF,OFF,OFF,OFF,OFF,47.84313725490196,62.187,-256,-256,-256,62.343,61.375,62.0,61.25,62.343,5411,3523,13302,ON,MAXN_SUPER
2026-08-16 23:40:19.114760,8:24:40.990000,38,37,21,19,4,11,0.5531144220973414,0.08873169138624783,0,29.0,OFF,166400,499200,OFF,537600,OFF,115200,OFF,OFF,OFF,OFF,OFF,47.84313725490196,62.093,-256,-256,-256,62.625,61.312,62.187,61.281,62.625,5450,3562,13302,ON,MAXN_SUPER
2026-08-16 23:40:20.115360,8:24:41.990000,22,45,15,13,3,11,0.5506876663708962,0.08873169138624783,0,54.7,OFF,115200,499200,OFF,537600,OFF,115200,OFF,OFF,OFF,OFF,OFF,47.84313725490196,62.156,-256,-256,-256,62.843,61.281,62.187,61.312,62.843,5450,3562,13419,ON,MAXN_SUPER
2026-08-16 23:40:21.116203,8:24:42.990000,28,37,29,11,2,11,0.5504786757698248,0.08873169138624783,0,99.3,OFF,115200,499200,OFF,537600,OFF,115200,OFF,OFF,OFF,OFF,OFF,47.84313725490196,62.125,-256,-256,-256,62.406,61.343,62.218,61.406,62.406,5373,3523,13186,ON,MAXN_SUPER
2026-08-16 23:40:22.117742,8:24:43.990000,12,14,11,9,54,12,0.5509608432745079,0.08873169138624783,0,38.9,OFF,153600,499200,OFF,537600,OFF,115200,OFF,OFF,OFF,OFF,OFF,47.84313725490196,61.875,-256,-256,-256,62.843,61.531,62.093,61.343,62.843,5527,3562,13419,ON,MAXN_SUPER
2026-08-16 23:40:23.118027,8:24:44.990000,23,21,11,14,32,29,0.5517896168129087,0.08873169138624783,0,29.5,OFF,115200,499200,OFF,537600,OFF,115200,OFF,OFF,OFF,OFF,OFF,47.84313725490196,62.343,-256,-256,-256,62.812,61.468,62.343,61.375,62.812,5557,3562,13458,ON,MAXN_SUPER
2026-08-16 23:40:24.119362,8:24:45.990000,10,17,16,15,10,43,0.5523072151565941,0.08873169138624783,0,88.2,OFF,115200,499200,OFF,537600,OFF,115200,OFF,OFF,OFF,OFF,OFF,47.84313725490196,62.218,-256,-256,-256,62.562,61.531,62.218,61.406,62.562,5373,3523,13225,ON,MAXN_SUPER
2026-08-16 23:40:25.119776,8:24:46.990000,15,43,15,14,16,7,0.5516884592001051,0.08873169138624783,0,32.0,OFF,115200,499200,OFF,537600,OFF,115200,OFF,OFF,OFF,OFF,OFF,49.411764705882355,61.968,-256,-256,-256,62.968,61.593,62.343,61.531,62.843,5441,3562,13458,ON,MAXN_SUPER
2026-08-16 23:40:26.120866,8:24:47.990000,53,12,12,13,19,3,0.551468685300207,0.08873169138624783,0,31.2,OFF,115200,499200,OFF,537600,OFF,115200,OFF,OFF,OFF,OFF,OFF,49.411764705882355,62.218,-256,-256,-256,62.843,61.531,62.312,61.531,62.843,5441,3562,13341,ON,MAXN_SUPER
2026-08-16 23:40:27.121379,8:24:48.990000,29,33,5,11,14,18,0.5513336373196621,0.08873169138624783,0,27.9,OFF,115200,499200,OFF,537600,OFF,115200,OFF,OFF,OFF,OFF,OFF,49.411764705882355,62.156,-256,-256,-256,62.937,61.687,62.312,61.593,62.937,5450,3523,13302,ON,MAXN_SUPER
2026-08-16 23:40:28.123239,8:24:49.990000,17,33,21,34,25,2,0.5519297996976569,0.08873169138624783,0,54.1,OFF,115200,499200,OFF,537600,OFF,115200,OFF,OFF,OFF,OFF,OFF,49.411764705882355,62.437,-256,-256,-256,62.75,61.656,62.312,61.468,62.75,5518,3523,13380,ON,MAXN_SUPER
2026-08-16 23:40:29.123602,8:24:50.990000,10,18,10,14,10,52,0.5517767795524007,0.08873169138624783,0,30.7,OFF,153600,499200,OFF,537600,OFF,115200,OFF,OFF,OFF,OFF,OFF,49.411764705882355,62.406,-256,-256,-256,63.187,61.687,62.343,61.468,63.187,5441,3562,13380,ON,MAXN_SUPER
2026-08-16 23:40:30.124545,8:24:52,18,21,16,15,20,43,0.5517572669164285,0.08873169138624783,0,55.8,OFF,115200,499200,OFF,537600,OFF,115200,OFF,OFF,OFF,OFF,OFF,49.411764705882355,62.281,-256,-256,-256,63.093,61.625,62.375,61.625,63.093,5480,3562,13458,ON,MAXN_SUPER
2026-08-16 23:40:31.125571,8:24:53,13,23,13,19,0,51,0.5529218631897204,0.08873169138624783,0,80.1,OFF,OFF,499200,OFF,537600,OFF,115200,OFF,OFF,OFF,OFF,OFF,49.411764705882355,62.312,-256,-256,-256,62.843,61.625,62.468,61.531,63.093,5450,3562,13302,ON,MAXN_SUPER
2026-08-16 23:40:32.126677,8:24:54,9,21,11,11,0,51,0.5520237684445759,0.08873169138624783,0,36.4,OFF,OFF,499200,OFF,537600,OFF,115200,OFF,OFF,OFF,OFF,OFF,49.411764705882355,62.218,-256,-256,-256,63.0,61.718,62.406,61.593,62.843,5373,3484,13225,ON,MAXN_SUPER
2026-08-16 23:40:33.127433,8:24:55,13,18,8,13,16,37,0.5543591228762036,0.08873169138624783,0,31.8,OFF,OFF,499200,OFF,537600,OFF,115200,OFF,OFF,OFF,OFF,OFF,49.411764705882355,62.218,-256,-256,-256,62.843,61.687,62.468,61.593,62.843,5334,3407,13070,ON,MAXN_SUPER
2026-08-16 23:40:34.128422,8:24:56,5,14,4,14,32,35,0.5183434182851885,0.08873169138624783,0,0.0,OFF,OFF,499200,OFF,537600,OFF,115200,OFF,OFF,OFF,OFF,OFF,49.411764705882355,62.25,-256,-256,-256,62.031,61.625,62.531,61.437,62.437,3418,2957,10250,ON,MAXN_SUPER
2026-08-16 23:40:35.129278,8:24:57,7,5,6,9,0,99,0.4616843718163594,0.08873169138624783,0,0.0,OFF,OFF,499200,OFF,537600,OFF,115200,OFF,OFF,OFF,OFF,OFF,49.411764705882355,61.937,-256,-256,-256,61.812,61.531,62.5,61.031,62.5,2377,2615,8524,ON,MAXN_SUPER
2026-08-16 23:40:36.130187,8:24:58,26,5,3,19,0,2,0.4632258700581682,0.08873169138624783,0,0.0,OFF,OFF,499200,OFF,537600,OFF,115200,OFF,OFF,OFF,OFF,OFF,49.411764705882355,61.437,-256,-256,-256,61.437,61.375,62.343,61.062,62.343,1837,2346,7128,ON,MAXN_SUPER
2026-08-16 23:40:37.131026,8:24:59,2,12,5,1,0,0,0.46400226757369617,0.08873169138624783,0,0.0,OFF,OFF,499200,OFF,537600,OFF,115200,OFF,OFF,OFF,OFF,OFF,49.411764705882355,61.281,-256,-256,-256,61.468,61.312,62.156,60.718,62.156,1603,2310,6776,ON,MAXN_SUPER
2026-08-16 23:40:38.131861,8:25:00,1,12,3,2,0,0,0.46422768986821783,0.08873169138624783,0,0.0,OFF,OFF,499200,OFF,537600,OFF,115200,OFF,OFF,OFF,OFF,OFF,49.411764705882355,61.093,-256,-256,-256,61.406,61.156,62.125,60.625,62.125,1564,2310,6736,ON,MAXN_SUPER
2026-08-16 23:40:39.132918,8:25:01,1,2,4,6,0,0,0.46438430444641626,0.08873169138624783,0,0.0,OFF,OFF,499200,OFF,537600,OFF,115200,OFF,OFF,OFF,OFF,OFF,49.411764705882355,61.062,-256,-256,-256,61.031,61.125,62.125,60.562,61.875,1527,2271,6658,ON,MAXN_SUPER
2026-08-16 23:40:40.133800,8:25:02,2,14,5,3,0,0,0.46444797725853626,0.08873169138624783,0,0.0,OFF,OFF,499200,OFF,537600,OFF,115200,OFF,OFF,OFF,OFF,OFF,49.411764705882355,61.156,-256,-256,-256,61.25,60.937,62.062,60.437,62.062,1642,2310,6776,ON,MAXN_SUPER
2026-08-16 23:40:41.134662,8:25:03,2,2,4,0,0,0,0.4645450269479773,0.08873169138624783,0,0.0,OFF,OFF,499200,OFF,537600,OFF,115200,OFF,OFF,OFF,OFF,OFF,46.27450980392157,60.843,-256,-256,-256,60.843,60.875,61.875,60.281,61.875,1566,2271,6669,ON,MAXN_SUPER
2026-08-16 23:40:42.135682,8:25:04,1,2,2,3,0,0,0.46464207663741824,0.08873169138624783,0,0.0,OFF,OFF,499200,OFF,537600,OFF,115200,OFF,OFF,OFF,OFF,OFF,46.27450980392157,60.625,-256,-256,-256,60.781,60.843,61.718,60.218,61.75,1527,2271,6630,ON,MAXN_SUPER
2026-08-16 23:40:43.136716,8:25:05,3,3,3,10,0,0,0.4646410496565776,0.08873169138624783,0,0.0,OFF,OFF,499200,OFF,537600,OFF,115200,OFF,OFF,OFF,OFF,OFF,46.27450980392157,60.75,-256,-256,-256,60.593,60.781,61.718,60.125,61.718,1603,2271,6736,ON,MAXN_SUPER
2026-08-16 23:40:44.137873,8:25:06,3,4,3,20,0,0,0.4561966996943705,0.08873169138624783,0,0.0,OFF,OFF,499200,OFF,537600,OFF,115200,OFF,OFF,OFF,OFF,OFF,46.27450980392157,60.687,-256,-256,-256,60.718,60.656,61.531,60.093,61.531,1681,2310,6854,ON,MAXN_SUPER
2026-08-16 23:40:45.138722,8:25:07,3,0,3,84,0,0,0.45629272240297086,0.08873169138624783,0,0.0,OFF,OFF,499200,OFF,537600,OFF,115200,OFF,OFF,OFF,OFF,OFF,46.27450980392157,61.187,-256,-256,-256,60.531,60.531,61.75,60.093,61.75,1952,2502,7755,ON,MAXN_SUPER
2026-08-16 23:40:46.139656,8:25:08,3,3,3,100,2,0,0.4568046723520326,0.08873169138624783,0,0.0,OFF,OFF,499200,OFF,537600,OFF,115200,OFF,OFF,OFF,OFF,OFF,46.27450980392157,60.937,-256,-256,-256,60.718,60.562,61.562,60.156,61.562,1876,2463,7559,ON,MAXN_SUPER
2026-08-16 23:40:47.140384,8:25:09,0,3,12,90,0,0,0.31594808817246706,0.08873169138624783,0,0.0,OFF,OFF,499200,OFF,537600,OFF,115200,OFF,OFF,OFF,OFF,OFF,46.27450980392157,61.0,-256,-256,-256,60.656,60.468,61.531,60.0,61.531,2030,2424,7676,ON,MAXN_SUPER
2026-08-16 23:40:48.141174,8:25:10,9,3,11,2,0,0,0.2833563377041638,0.08873169138624783,0,0.0,OFF,OFF,499200,OFF,537600,OFF,115200,OFF,OFF,OFF,OFF,OFF,46.27450980392157,60.531,-256,-256,-256,60.593,60.437,61.437,59.937,61.437,1603,2310,6776,ON,MAXN_SUPER
2026-08-16 23:40:49.142071,8:25:11,1,2,5,2,0,0,0.2833886876006441,0.08873169138624783,0,0.0,OFF,OFF,499200,OFF,537600,OFF,115200,OFF,OFF,OFF,OFF,OFF,46.27450980392157,60.375,-256,-256,-256,60.343,60.281,61.312,59.75,61.312,1527,2271,6630,ON,MAXN_SUPER
2026-08-16 23:40:50.142967,8:25:12,2,2,3,1,0,0,0.28329163791120315,0.08873169138624783,0,0.0,OFF,OFF,499200,OFF,537600,OFF,115200,OFF,OFF,OFF,OFF,OFF,46.27450980392157,60.187,-256,-256,-256,60.093,60.187,61.375,59.687,61.312,1527,2271,6630,ON,MAXN_SUPER
2026-08-16 23:40:51.143811,8:25:13,1,2,2,1,0,0,0.28316172483486146,0.08873169138624783,0,0.0,OFF,OFF,499200,OFF,537600,OFF,115200,OFF,OFF,OFF,OFF,OFF,46.27450980392157,60.125,-256,-256,-256,60.0,60.093,61.187,59.687,61.187,1527,2271,6630,ON,MAXN_SUPER
2026-08-16 23:40:52.144852,8:25:14,0,1,2,2,0,0,0.2831971556738637,0.08873169138624783,0,0.0,OFF,OFF,499200,OFF,537600,OFF,115200,OFF,OFF,OFF,OFF,OFF,46.27450980392157,60.0,-256,-256,-256,60.093,60.25,61.156,59.593,61.156,1527,2271,6590,ON,MAXN_SUPER
2026-08-16 23:40:53.145745,8:25:15,2,2,2,3,0,0,0.2832849625357389,0.08873169138624783,0,0.0,OFF,OFF,499200,OFF,537600,OFF,115200,OFF,OFF,OFF,OFF,OFF,46.27450980392157,59.968,-256,-256,-256,59.843,60.031,61.062,59.468,61.062,1527,2271,6669,ON,MAXN_SUPER
2026-08-16 23:40:54.146804,8:25:16,2,3,2,1,0,0,0.283283422064478,0.08873169138624783,0,0.0,OFF,OFF,499200,OFF,537600,OFF,115200,OFF,OFF,OFF,OFF,OFF,46.27450980392157,60.031,-256,-256,-256,59.937,59.937,60.937,59.312,60.906,1527,2271,6630,ON,MAXN_SUPER
2026-08-16 23:40:55.147630,8:25:17,4,2,5,4,0,0,0.2832408023595912,0.08873169138624783,0,0.0,OFF,OFF,499200,OFF,537600,OFF,115200,OFF,OFF,OFF,OFF,OFF,46.27450980392157,59.875,-256,-256,-256,59.781,59.906,61.093,59.281,61.093,1527,2271,6630,ON,MAXN_SUPER
2026-08-16 23:40:56.148607,8:25:18,2,2,3,1,0,0,0.2831761025666305,0.08873169138624783,0,0.0,OFF,OFF,499200,OFF,537600,OFF,115200,OFF,OFF,OFF,OFF,OFF,46.27450980392157,59.812,-256,-256,-256,59.781,59.687,60.875,59.312,61.0,1527,2271,6590,ON,MAXN_SUPER
2026-08-16 23:40:57.149516,8:25:19,2,1,4,0,0,0,0.28311140277366986,0.08873169138624783,0,0.0,OFF,OFF,499200,OFF,537600,OFF,115200,OFF,OFF,OFF,OFF,OFF,44.31372549019608,59.625,-256,-256,-256,59.937,59.687,60.875,59.218,60.875,1527,2271,6630,ON,MAXN_SUPER
2026-08-16 23:40:58.150405,8:25:20,2,2,2,2,0,0,0.2831067813598869,0.08873169138624783,0,0.0,OFF,OFF,499200,OFF,537600,OFF,115200,OFF,OFF,OFF,OFF,OFF,44.31372549019608,59.406,-256,-256,-256,59.593,59.687,60.812,59.156,60.75,1527,2271,6630,ON,MAXN_SUPER
2026-08-16 23:40:59.151403,8:25:21,2,0,2,2,1,0,0.2831391312563673,0.08873169138624783,0,0.0,OFF,OFF,499200,OFF,537600,OFF,115200,OFF,OFF,OFF,OFF,OFF,44.31372549019608,59.812,-256,-256,-256,59.625,59.687,60.625,59.093,60.687,1527,2271,6630,ON,MAXN_SUPER
2026-08-16 23:41:00.152251,8:25:22,1,1,2,3,0,0,0.2832033175589076,0.08873169138624783,0,0.0,OFF,OFF,499200,OFF,537600,OFF,115200,OFF,OFF,OFF,OFF,OFF,44.31372549019608,59.625,-256,-256,-256,59.437,59.5,60.625,59.0,60.625,1527,2271,6630,ON,MAXN_SUPER
2026-08-16 23:41:01.153295,8:25:23,3,2,1,2,0,0,0.2831057543790463,0.08873169138624783,0,0.0,OFF,OFF,499200,OFF,537600,OFF,115200,OFF,OFF,OFF,OFF,OFF,44.31372549019608,59.437,-256,-256,-256,59.437,59.531,60.625,58.968,60.625,1527,2271,6590,ON,MAXN_SUPER
2026-08-16 23:41:02.154257,8:25:24,1,2,2,2,0,0,0.28281460531072333,0.08873169138624783,0,0.0,OFF,OFF,499200,OFF,537600,OFF,115200,OFF,OFF,OFF,OFF,OFF,44.31372549019608,59.468,-256,-256,-256,59.312,59.406,60.562,58.875,60.562,1527,2271,6590,ON,MAXN_SUPER
2026-08-16 23:41:03.155048,8:25:25,3,1,2,4,0,0,0.2829424644253837,0.08873169138624783,0,0.0,OFF,OFF,499200,OFF,537600,OFF,115200,OFF,OFF,OFF,OFF,OFF,44.31372549019608,59.375,-256,-256,-256,59.406,59.406,60.437,58.875,60.468,1527,2271,6630,ON,MAXN_SUPER
2026-08-16 23:41:04.155970,8:25:26,1,0,1,2,0,0,0.28293886999244144,0.08873169138624783,0,0.0,OFF,OFF,499200,OFF,537600,OFF,115200,OFF,OFF,OFF,OFF,OFF,44.31372549019608,59.25,-256,-256,-256,59.437,59.375,60.375,58.718,60.375,1527,2271,6590,ON,MAXN_SUPER
2026-08-16 23:41:05.156991,8:25:27,2,1,3,1,0,0,0.28293886999244144,0.08873169138624783,0,0.0,OFF,OFF,499200,OFF,537600,OFF,115200,OFF,OFF,OFF,OFF,OFF,44.31372549019608,59.312,-256,-256,-256,59.156,59.218,60.375,58.687,60.375,1527,2271,6590,ON,MAXN_SUPER
2026-08-16 23:41:06.157907,8:25:28,2,2,4,2,0,0,0.2828418203030004,0.08873169138624783,0,0.0,OFF,OFF,499200,OFF,537600,OFF,115200,OFF,OFF,OFF,OFF,OFF,44.31372549019608,59.218,-256,-256,-256,59.437,59.062,60.375,58.625,60.406,1527,2271,6590,ON,MAXN_SUPER
